<?xml version="1.0" encoding="UTF-8"?>
<metadata xml:lang="zh"><Esri><CreaDate>20231130</CreaDate><CreaTime>20052900</CreaTime><ArcGISFormat>1.0</ArcGISFormat><SyncOnce>TRUE</SyncOnce><DataProperties><lineage><Process ToolSource="d:\arcgis_\desktop10.8\ArcToolbox\Toolboxes\Analysis Tools.tbx\GenerateNearTable" Date="20231130" Time="200529">GenerateNearTable Road_PL_Cover Road_PL_Cover D:\ceshi_shp\near.dbf "0 Meters" NO_LOCATION NO_ANGLE ALL 0 PLANAR</Process></lineage></DataProperties></Esri></metadata>
